Assembly Accession	Assembly Name	Organism Name	Assembly Stats Total Sequence Length	Assembly Level	Assembly Stats Scaffold N50	Annotation Count Gene Total	Annotation Count Gene Protein-coding
GCA_000001405.29	GRCh38.p14	Homo sapiens	3099734149	Chromosome	67794873		
GCF_000001405.40	GRCh38.p14	Homo sapiens	3099441038	Chromosome	67794873	59444	20080
GCA_000001635.9	GRCm39	Mus musculus	2728206152	Chromosome	106145001		
GCF_000001635.27	GRCm39	Mus musculus	2728206152	Chromosome	106145001	50562	22192
GCA_015227675.2	mRatBN7.2	Rattus norvegicus	2647899415	Chromosome	135012528		
GCF_015227675.2	mRatBN7.2	Rattus norvegicus	2647899415	Chromosome	135012528	42167	22228
GCA_000003025.6	Sscrofa11.1	Sus scrofa	2501895775	Chromosome	88231837		
GCF_000003025.6	Sscrofa11.1	Sus scrofa	2501895775	Chromosome	88231837	30371	20666
GCA_002263795.3	ARS-UCD1.3	Bos taurus	2711193493	Chromosome	103308737		
GCF_002263795.2	ARS-UCD1.3	Bos taurus	2711193493	Chromosome	103308737	35092	20980
GCA_000002285.4	Dog10K_Boxer_Tasha	Canis lupus familiaris	2312785471	Chromosome	63738581		
GCF_000002285.5	Dog10K_Boxer_Tasha	Canis lupus familiaris	2312785471	Chromosome	63738581	40373	20087
GCA_003254725.2	ASM325472v2	Canis lupus dingo	2349862946	Chromosome	64250934		
GCF_003254725.2	ASM325472v2	Canis lupus dingo	2349862946	Chromosome	64250934	40364	20775
GCA_003339765.3	Mmul_10	Macaca mulatta	2971314966	Chromosome	82346004		
GCF_003339765.1	Mmul_10	Macaca mulatta	2971314966	Chromosome	82346004	40304	21121
GCA_016772045.1	ARS-UI_Ramb_v2.0	Ovis aries	2628130289	Chromosome	101274418		
GCF_016772045.1	ARS-UI_Ramb_v2.0	Ovis aries	2628130289	Chromosome	101274418	33801	21257
GCA_001704415.2	ARS1.2	Capra hircus	2922600443	Chromosome	87277232		
GCF_001704415.2	ARS1.2	Capra hircus	2922600443	Chromosome	87277232	28911	20572
GCA_002863925.1	EquCab3.0	Equus caballus	2506949475	Chromosome	87230776		
GCF_002863925.1	EquCab3.0	Equus caballus	2506949475	Chromosome	87230776	33146	21129
GCA_009806435.2	UM_NZW_1.0	Oryctolagus cuniculus	2841489785	Chromosome	111644748		
GCF_009806435.1	UM_NZW_1.0	Oryctolagus cuniculus	2841489785	Chromosome	111644748	37497	22458
GCA_012559485.3	MFA1912RKSv2	Macaca fascicularis	2800882497	Chromosome	149803873		
GCF_012559485.2	MFA1912RKSv2	Macaca fascicularis	2800882497	Chromosome	149803873	35561	21335
GCA_015476345.1	ZJU1.0	Anas platyrhynchos	1188516685	Chromosome	76269206		
GCF_015476345.1	ZJU1.0	Anas platyrhynchos	1188516685	Chromosome	76269206	25093	16836
GCA_018350175.1	F.catus_Fca126_mat1.0	Felis catus	2425730029	Chromosome	148491486		
GCF_018350175.1	F.catus_Fca126_mat1.0	Felis catus	2425730029	Chromosome	148491486	39307	20453
GCA_000247795.2	Bos_indicus_1.0	Bos indicus	2673949103	Chromosome	106310653		
GCF_000247795.1	Bos_indicus_1.0	Bos indicus	2673949103	Chromosome	106310653	26229	19786
GCA_019923935.1	NDDB_SH_1	Bubalus bubalis	2622444281	Chromosome	116997125		
GCF_019923935.1	NDDB_SH_1	Bubalus bubalis	2622444281	Chromosome	116997125	37167	21359
GCA_011100555.2	mCalJa1.2.pat.X	Callithrix jacchus	2874864526	Chromosome	136971485		
GCF_011100555.1	mCalJa1.2.pat.X	Callithrix jacchus	2874864526	Chromosome	136971485	42308	22355
GCA_003957565.4	bTaeGut1.4.pri	Taeniopygia guttata	1056254409	Chromosome	70982421		
GCF_003957565.2	bTaeGut1.4.pri	Taeniopygia guttata	1056254409	Chromosome	70982421	21933	16520
GCA_001577835.2	Coturnix japonica 2.1	Coturnix japonica	927640260	Chromosome	2975000		
GCF_001577835.2	Coturnix japonica 2.1	Coturnix japonica	927640260	Chromosome	2975000	20956	16026
GCA_028858775.1	NHGRI_mPanTro3-v1.1-hic.freeze_pri	Pan troglodytes	3225356997	Chromosome	144388002		
GCF_028858775.1	NHGRI_mPanTro3-v1.1-hic.freeze_pri	Pan troglodytes	3225356997	Chromosome	144388002	44705	22606
GCA_011064425.1	Rrattus_CSIRO_v1	Rattus rattus	2382770976	Chromosome	158824752		
GCF_011064425.1	Rrattus_CSIRO_v1	Rattus rattus	2382770976	Chromosome	158824752	32100	21597
GCA_008728515.1	Panubis1.0	Papio anubis	2869804647	Chromosome	140274886		
GCF_008728515.1	Panubis1.0	Papio anubis	2869804647	Chromosome	140274886	39274	21087
GCA_000146605.4	Turkey_5.1	Meleagris gallopavo	1115457962	Chromosome	3898092		
GCF_000146605.3	Turkey_5.1	Meleagris gallopavo	1115457962	Chromosome	3898092	24368	17974
GCA_016881025.1	HiC_Itri_2	Ictidomys tridecemlineatus	2478949113	Chromosome	193221680	42878	21175
GCF_016881025.1	HiC_Itri_2	Ictidomys tridecemlineatus	2478949113	Chromosome	193221680	34527	20734
GCA_016077325.2	ASM1607732v2	Equus asinus	2431907375	Chromosome	98589534		
GCF_016077325.2	ASM1607732v2	Equus asinus	2431907375	Chromosome	98589534	38517	21649
GCA_011762595.1	mTurTru1.mat.Y	Tursiops truncatus	2378505825	Chromosome	108430135		
GCF_011762595.1	mTurTru1.mat.Y	Tursiops truncatus	2378505825	Chromosome	108430135	28904	19240
GCA_003704035.3	HU_Pman_2.1.3	Peromyscus maniculatus bairdii	2512423440	Chromosome	115033041		
GCF_003704035.1	HU_Pman_2.1.3	Peromyscus maniculatus bairdii	2512423440	Chromosome	115033041	36461	22079
GCA_004115265.3	mRhiFer1_v1.p	Rhinolophus ferrumequinum	2075768562	Chromosome	88025743		
GCF_004115265.2	mRhiFer1_v1.p	Rhinolophus ferrumequinum	2075768562	Chromosome	88025743	27139	19652
GCA_002007445.3	ASM200744v3	Ailuropoda melanoleuca	2440260518	Chromosome	129245720		
GCF_002007445.2	ASM200744v3	Ailuropoda melanoleuca	2440260518	Chromosome	129245720	31335	20837
GCA_000090745.2	AnoCar2.0	Anolis carolinensis	1799126364	Chromosome	4033265		
GCF_000090745.1	AnoCar2.0	Anolis carolinensis	1799126364	Chromosome	4033265	22292	19365
GCA_018350195.2	P.tigris_Pti1_mat1.1	Panthera tigris	2408678698	Chromosome	146942463		
GCF_018350195.1	P.tigris_Pti1_mat1.1	Panthera tigris	2408678698	Chromosome	146942463	33598	20232
GCA_020171115.1	ASM_NN_V1	Neogale vison	2681198719	Chromosome	220349319		
GCF_020171115.1	ASM_NN_V1	Neogale vison	2681198719	Chromosome	220349319	30220	20422
GCA_902635505.1	mSarHar1.11	Sarcophilus harrisii	3086657325	Chromosome	611347268		
GCF_902635505.1	mSarHar1.11	Sarcophilus harrisii	3086657325	Chromosome	611347268	26869	19966
GCA_003369695.2	UOA_Brahman_1	Bos indicus x Bos taurus	2680953056	Chromosome	104466507		
GCF_003369695.1	UOA_Brahman_1	Bos indicus x Bos taurus	2680953056	Chromosome	104466507	32783	20846
GCA_000803125.3	CamDro3	Camelus dromedarius	2169346739	Chromosome	70369702	22223	22223
GCF_000803125.2	CamDro3	Camelus dromedarius	2169346739	Chromosome	70369702	32420	20062
GCA_000317375.1	MicOch1.0	Microtus ochrogaster	2287340943	Chromosome	17270019		
GCF_000317375.1	MicOch1.0	Microtus ochrogaster	2287340943	Chromosome	17270019	26397	20077
GCA_013100865.1	CAS_Tse_1.0	Trachemys scripta elegans	2126182493	Chromosome	140411086		
GCF_013100865.1	CAS_Tse_1.0	Trachemys scripta elegans	2126182493	Chromosome	140411086	22456	18662
GCA_029281585.1	NHGRI_mGorGor1-v1.1-0.2.freeze_pri	Gorilla gorilla gorilla	3600562452	Chromosome	151559850		
GCF_029281585.1	NHGRI_mGorGor1-v1.1-0.2.freeze_pri	Gorilla gorilla gorilla	3600562452	Chromosome	151559850	43486	23010
GCA_015237465.2	rCheMyd1.pri.v2	Chelonia mydas	2134358617	Chromosome	134428053		
GCF_015237465.2	rCheMyd1.pri.v2	Chelonia mydas	2134358617	Chromosome	134428053	28491	19752
GCA_004115215.4	mOrnAna1.pri.v4	Ornithorhynchus anatinus	1859264908	Chromosome	83338043		
GCF_004115215.2	mOrnAna1.pri.v4	Ornithorhynchus anatinus	1859264908	Chromosome	83338043	30497	18152
GCA_022539315.2	serCan2020	Serinus canaria	1050336073	Chromosome	72083177		
GCF_022539315.1	serCan2020	Serinus canaria	1050336073	Chromosome	72083177	17915	15457
GCA_004664715.2	UCI_PerLeu_2.1	Peromyscus leucopus	2475164510	Chromosome	114273790		
GCF_004664715.2	UCI_PerLeu_2.1	Peromyscus leucopus	2475164510	Chromosome	114273790	32259	22198
GCA_007565055.1	ASM756505v1	Rhinopithecus roxellana	3038460517	Chromosome	144559847		
GCF_007565055.1	ASM756505v1	Rhinopithecus roxellana	3038460517	Chromosome	144559847	34842	21094
GCA_001522545.3	Parus_major1.1	Parus major	1020293992	Chromosome	71365269		
GCF_001522545.3	Parus_major1.1	Parus major	1020293992	Chromosome	71365269	19061	15069
GCA_910594005.1	mCerEla1.1	Cervus elaphus	2886603524	Chromosome	83473711		
GCF_910594005.1	mCerEla1.1	Cervus elaphus	2886603524	Chromosome	83473711	37348	22941
GCF_900496995.4	bAquChr1.4	Aquila chrysaetos chrysaetos	1233704830	Chromosome	46934974	21369	16702
GCA_028885655.1	NHGRI_mPonAbe1-v1.1-hic.freeze_pri	Pongo abelii	3365490689	Chromosome	137042698		
GCF_028885655.1	NHGRI_mPonAbe1-v1.1-hic.freeze_pri	Pongo abelii	3365490689	Chromosome	137042698	44555	22427
GCA_016161935.1	ASM1616193v1	Mauremys reevesii	2367590653	Chromosome	130473029		
GCF_016161935.1	ASM1616193v1	Mauremys reevesii	2367590653	Chromosome	130473029	41089	22618
GCA_015852505.1	mTacAcu1.pri	Tachyglossus aculeatus	2213004214	Chromosome	63379719		
GCF_015852505.1	mTacAcu1.pri	Tachyglossus aculeatus	2213004214	Chromosome	63379719	31147	18929
GCA_024166365.1	mEleMax1 primary haplotype	Elephas maximus indicus	3401247148	Chromosome	127432672		
GCF_024166365.1	mEleMax1 primary haplotype	Elephas maximus indicus	3401247148	Chromosome	127432672	30964	21809
GCA_027475565.2	VMU_Ajub_asm_v1.0	Acinonyx jubatus	2377417351	Chromosome	144444042		
GCF_027475565.1	VMU_Ajub_asm_v1.0	Acinonyx jubatus	2377417351	Chromosome	144444042	33469	19999
GCA_028885625.1	NHGRI_mPonPyg2-v1.1-hic.freeze_pri	Pongo pygmaeus	3249335160	Chromosome	140977933		
GCF_028885625.1	NHGRI_mPonPyg2-v1.1-hic.freeze_pri	Pongo pygmaeus	3249335160	Chromosome	140977933	39296	22044
GCA_018345385.1	ASM1834538v1	Vulpes lagopus	2345533697	Chromosome	131537142		
GCF_018345385.1	ASM1834538v1	Vulpes lagopus	2345533697	Chromosome	131537142	30615	20695
GCA_018139145.2	ASM1813914v2	Gymnogyps californianus	1240248578	Chromosome	85355094		
GCF_018139145.2	ASM1813914v2	Gymnogyps californianus	1240248578	Chromosome	85355094	17498	15144
GCA_022682495.1	HLdesRot8A	Desmodus rotundus	2113473284	Chromosome	160127860		
GCF_022682495.1	HLdesRot8A	Desmodus rotundus	2113473284	Chromosome	160127860	29684	19615
GCA_021288785.3	ASM2128878v3	Mirounga angustirostris	2366166981	Chromosome	139676048		
GCF_021288785.2	ASM2128878v3	Mirounga angustirostris	2366166981	Chromosome	139676048	30411	20358
GCA_023634155.1	bFalPer1.pri	Falco peregrinus	1311580791	Chromosome	93682670		
GCF_023634155.1	bFalPer1.pri	Falco peregrinus	1311580791	Chromosome	93682670	19918	16083
GCA_015227805.2	bHirRus1.pri.v2	Hirundo rustica	1105955550	Chromosome	76187387		
GCF_015227805.1	bHirRus1.pri.v2	Hirundo rustica	1105955550	Chromosome	76187387	18578	15516
GCF_000241765.5	Chrysemys_picta_BioNano-3.0.4	Chrysemys picta bellii	2480260873	Chromosome	16028813	26964	21482
GCA_016509475.2	Fcat_Pben_1.1_paternal_pri	Prionailurus bengalensis	2435702060	Chromosome	148587958		
GCF_016509475.1	Fcat_Pben_1.1_paternal_pri	Prionailurus bengalensis	2435702060	Chromosome	148587958	30727	20003
GCA_029289425.1	NHGRI_mPanPan1-v1.1-0.1.freeze_pri	Pan paniscus	3271621005	Chromosome	141811947		
GCF_029289425.1	NHGRI_mPanPan1-v1.1-0.1.freeze_pri	Pan paniscus	3271621005	Chromosome	141811947	37628	22625
GCA_023634085.1	bFalChe1.pri	Falco cherrug	1309366964	Chromosome	92426045		
GCF_023634085.1	bFalChe1.pri	Falco cherrug	1309366964	Chromosome	92426045	19950	16251
GCA_012275295.1	bMelUnd1.mat.Z	Melopsittacus undulatus	1171617451	Chromosome	104092594		
GCF_012275295.1	bMelUnd1.mat.Z	Melopsittacus undulatus	1171617451	Chromosome	104092594	18613	16458
GCA_003957555.2	bCalAnn1_v1.p	Calypte anna	1059687259	Chromosome	74081004		
GCF_003957555.1	bCalAnn1_v1.p	Calypte anna	1059687259	Chromosome	74081004	16230	14711
GCA_006542625.1	Asia_NLE_v1	Nomascus leucogenys	2843966406	Chromosome	35886894		
GCF_006542625.1	Asia_NLE_v1	Nomascus leucogenys	2843966406	Chromosome	35886894	33914	20527
GCA_002837175.5	ASM283717v5	Physeter catodon	2496209109	Chromosome	122182240		
GCF_002837175.3	ASM283717v5	Physeter catodon	2496209109	Chromosome	122182240	29662	20411
GCA_023159225.1	ASM2315922v1	Perognathus longimembris pacificus	2212099196	Chromosome	72679016		
GCF_023159225.1	ASM2315922v1	Perognathus longimembris pacificus	2212099196	Chromosome	72679016	30069	20883
GCA_028583425.1	MPM_Emac_v1.0	Eublepharis macularius	2237379946	Chromosome	145573841		
GCF_028583425.1	MPM_Emac_v1.0	Eublepharis macularius	2237379946	Chromosome	145573841	24025	20469
GCA_018350215.1	P.leo_Ple1_pat1.1	Panthera leo	2297552363	Chromosome	147402474		
GCF_018350215.1	P.leo_Ple1_pat1.1	Panthera leo	2297552363	Chromosome	147402474	32109	19491
GCA_937001465.1	mOrcOrc1.1	Orcinus orca	2647335075	Chromosome	114219206		
GCF_937001465.1	mOrcOrc1.1	Orcinus orca	2647335075	Chromosome	114219206	31447	19396
GCA_009762305.2	mZalCal1.pri.v2	Zalophus californianus	2409668595	Chromosome	147124152		
GCF_009762305.2	mZalCal1.pri.v2	Zalophus californianus	2409668595	Chromosome	147124152	32543	21397
GCA_902655055.2	mLutLut1.2	Lutra lutra	2438442342	Chromosome	149004807		
GCF_902655055.1	mLutLut1.2	Lutra lutra	2438442342	Chromosome	149004807	32271	20887
GCA_017976375.1	bCucCan1.pri	Cuculus canorus	1180136575	Chromosome	78325852		
GCF_017976375.1	bCucCan1.pri	Cuculus canorus	1180136575	Chromosome	78325852	19729	16774
GCA_014839835.1	bDryPub1.pri	Dryobates pubescens	1187939694	Chromosome	38715865		
GCF_014839835.1	bDryPub1.pri	Dryobates pubescens	1187939694	Chromosome	38715865	16340	15338
GCA_023653815.1	GSC_CCare_1.0	Caretta caretta	2133995980	Chromosome	130956235		
GCF_023653815.1	GSC_CCare_1.0	Caretta caretta	2133995980	Chromosome	130956235	24923	20272
GCA_929443795.1	bAccGen1.1	Accipiter gentilis	1398011397	Chromosome	35025567		
GCF_929443795.1	bAccGen1.1	Accipiter gentilis	1398011397	Chromosome	35025567	19564	16976
GCA_015220075.1	bFalRus1.pri	Falco rusticolus	1195829278	Chromosome	91094845		
GCF_015220075.1	bFalRus1.pri	Falco rusticolus	1195829278	Chromosome	91094845	19484	15894
GCA_011762505.1	mArvNil1.pat.X	Arvicanthis niloticus	2496761438	Chromosome	82689117		
GCF_011762505.1	mArvNil1.pat.X	Arvicanthis niloticus	2496761438	Chromosome	82689117	31912	22234
GCA_009819885.2	bCatUst1.pri.v2	Catharus ustulatus	1131616530	Chromosome	68462074		
GCF_009819885.2	bCatUst1.pri.v2	Catharus ustulatus	1131616530	Chromosome	68462074	19631	16929
GCA_027595985.1	mSorAra2.pri	Sorex araneus	2405993548	Chromosome	374364821		
GCF_027595985.1	mSorAra2.pri	Sorex araneus	2405993548	Chromosome	374364821	28480	20687
GCA_002078875.2	NumMel1.0	Numida meleagris	1043247365	Chromosome	7868035		
GCF_002078875.1	NumMel1.0	Numida meleagris	1043247365	Chromosome	7868035	21846	16083
GCA_014633375.1	OchPri4.0	Ochotona princeps	2231476247	Chromosome	75838078		
GCF_014633375.1	OchPri4.0	Ochotona princeps	2231476247	Chromosome	75838078	24017	18872
GCA_023343835.1	bLagMut1 primary	Lagopus muta	1026755127	Chromosome	71229700		
GCF_023343835.1	bLagMut1 primary	Lagopus muta	1026755127	Chromosome	71229700	20110	16078
GCA_021613505.1	UCLA_HA_Equagga_1.0	Equus quagga	2500914156	Chromosome	122556673		
GCF_021613505.1	UCLA_HA_Equagga_1.0	Equus quagga	2500914156	Chromosome	122556673	27599	21070
GCA_029407905.2	PCC_UOA_SB_1v2	Bubalus carabanensis	2898492518	Chromosome	121846921		
GCF_029407905.1	PCC_UOA_SB_1v2	Bubalus carabanensis	2898492518	Chromosome	121846921	40636	21871
GCA_922984935.1	mMelMel3.1 paternal haplotype	Meles meles	2738678004	Chromosome	132955750		
GCF_922984935.1	mMelMel3.1 paternal haplotype	Meles meles	2738678004	Chromosome	132955750	31234	21063
GCA_027574615.1	DD_ASM_mEF_20220401	Eptesicus fuscus	2008057866	Chromosome	102817582		
GCF_027574615.1	DD_ASM_mEF_20220401	Eptesicus fuscus	2008057866	Chromosome	102817582	30977	20078
GCA_027406575.1	mNycCou1.pri	Nycticebus coucang	2917154053	Chromosome	135917784		
GCF_027406575.1	mNycCou1.pri	Nycticebus coucang	2917154053	Chromosome	135917784	38900	22137
GCA_019393635.1	mDroGli1.pri	Dromiciops gliroides	3303199800	Chromosome	670775900		
GCF_019393635.1	mDroGli1.pri	Dromiciops gliroides	3303199800	Chromosome	670775900	31081	21870
GCA_020740605.1	mLemCat1.pri	Lemur catta	2245584463	Chromosome	102162704		
GCF_020740605.2	mLemCat1.pri	Lemur catta	2245584463	Chromosome	102162704	30858	19990
GCA_028858705.1	bGruAme1.mat	Grus americana	1257821324	Chromosome	82903739		
GCF_028858705.1	bGruAme1.mat	Grus americana	1257821324	Chromosome	82903739	20835	17399
GCA_023638135.1	bFalBia1.pri	Falco biarmicus	1285492283	Chromosome	91472507		
GCF_023638135.1	bFalBia1.pri	Falco biarmicus	1285492283	Chromosome	91472507	19520	15891
GCA_020740725.1	bCorHaw1.pri.cur	Corvus hawaiiensis	1151594481	Chromosome	76278832		
GCF_020740725.1	bCorHaw1.pri.cur	Corvus hawaiiensis	1151594481	Chromosome	76278832	21647	16414
GCA_020745825.3	Agelaius phoeniceus 1.1	Agelaius phoeniceus	1188530404	Chromosome	36435137		
GCF_020745825.1	Agelaius phoeniceus 1.1	Agelaius phoeniceus	1188530404	Chromosome	36435137	18121	16104
GCA_020740685.1	mJacJac1.mat.Y.cur	Jaculus jaculus	2863848715	Chromosome	158244790		
GCF_020740685.1	mJacJac1.mat.Y.cur	Jaculus jaculus	2863848715	Chromosome	158244790	35105	20913
GCA_026419915.1	bHarHar1 primary haplotype	Harpia harpyja	1351447071	Chromosome	58111031		
GCF_026419915.1	bHarHar1 primary haplotype	Harpia harpyja	1351447071	Chromosome	58111031	20830	16803
GCA_026979565.1	bVidCha1 merged haplotype	Vidua chalybeata	1080440577	Chromosome	72553174		
GCF_026979565.1	bVidCha1 merged haplotype	Vidua chalybeata	1080440577	Chromosome	72553174	21003	16658
GCA_020497125.1	ASM2049712v1	Mauremys mutica	2484351270	Chromosome	135065811	23448	23448
GCF_020497125.1	ASM2049712v1	Mauremys mutica	2484351270	Chromosome	135065811	35641	23281
GCA_902686445.2	mSciCar1.2	Sciurus carolinensis	2815397268	Chromosome	148229995		
GCF_902686445.1	mSciCar1.2	Sciurus carolinensis	2815397268	Chromosome	148229995	37331	21959
GCA_012460135.3	BPBGC_Mater_1.1	Molothrus ater	1087219985	Chromosome	70107701		
GCF_012460135.2	BPBGC_Mater_1.1	Molothrus ater	1087219985	Chromosome	70107701	18259	16046
GCA_009650955.1	bCorMon1.pri	Corvus moneduloides	1112734094	Chromosome	74699841		
GCF_009650955.1	bCorMon1.pri	Corvus moneduloides	1112734094	Chromosome	74699841	20781	16167
GCA_009764565.4	rDerCor1.pri.v4	Dermochelys coriacea	2164762090	Chromosome	137568771		
GCF_009764565.3	rDerCor1.pri.v4	Dermochelys coriacea	2164762090	Chromosome	137568771	27589	18775
GCA_004126475.3	mPhyDis1.pri.v3	Phyllostomus discolor	2108832841	Chromosome	171742863		
GCF_004126475.2	mPhyDis1.pri.v3	Phyllostomus discolor	2108832841	Chromosome	171742863	31980	19754
GCA_009873245.3	mBalMus1.pri.v3	Balaenoptera musculus	2374852541	Chromosome	110314666		
GCF_009873245.2	mBalMus1.pri.v3	Balaenoptera musculus	2374852541	Chromosome	110314666	27194	19686
GCA_009769535.1	rThaEle1.pri	Thamnophis elegans	1672190305	Chromosome	100851885		
GCF_009769535.1	rThaEle1.pri	Thamnophis elegans	1672190305	Chromosome	100851885	21688	18900
GCA_011100635.1	mTriVul1.pri	Trichosurus vulpecula	3359330516	Chromosome	442560073		
GCF_011100635.1	mTriVul1.pri	Trichosurus vulpecula	3359330516	Chromosome	442560073	31401	22532
GCA_000247815.2	FicAlb1.5	Ficedula albicollis	1118326800	Chromosome	6542656		
GCF_000247815.1	FicAlb1.5	Ficedula albicollis	1118326800	Chromosome	6542656	16880	15400
GCA_000165445.3	Mmur_3.0	Microcebus murinus	2487392024	Chromosome	108171978		
GCF_000165445.2	Mmur_3.0	Microcebus murinus	2487392024	Chromosome	108171978	31964	20522
GCA_024542745.1	ASM2454274v1	Macaca thibetana thibetana	2822383045	Chromosome	150623419		
GCF_024542745.1	ASM2454274v1	Macaca thibetana thibetana	2822383045	Chromosome	150623419	35380	21402
GCA_005870125.1	lonStrDom2	Lonchura striata domestica	1060252993	Chromosome	71975342		
GCF_005870125.1	lonStrDom2	Lonchura striata domestica	1060252993	Chromosome	71975342	18674	15577
GCA_000738735.5	ASM73873v5	Corvus cornix cornix	1030864775	Chromosome	73732264		
GCF_000738735.5	ASM73873v5	Corvus cornix cornix	1030864775	Chromosome	73732264	17944	14435
GCA_015832195.1	Motacilla_alba_V1.0_pri	Motacilla alba alba	1072653902	Chromosome	72386170		
GCF_015832195.1	Motacilla_alba_V1.0_pri	Motacilla alba alba	1072653902	Chromosome	72386170	18047	15594
GCA_028878055.1	NHGRI_mSymSyn1-v1.1-hic.freeze_pri	Symphalangus syndactylus	3182923232	Chromosome	142586120		
GCF_028878055.1	NHGRI_mSymSyn1-v1.1-hic.freeze_pri	Symphalangus syndactylus	3182923232	Chromosome	142586120	36078	21377
GCA_022837055.1	UM_Priviv_1.0	Prionailurus viverrinus	2461545606	Chromosome	144906162		
GCF_022837055.1	UM_Priviv_1.0	Prionailurus viverrinus	2461545606	Chromosome	144906162	30894	20111
GCA_023091745.2	Takin1.1	Budorcas taxicolor	2851638285	Chromosome	109747698		
GCF_023091745.1	Takin1.1	Budorcas taxicolor	2851638285	Chromosome	109747698	28399	20434
GCA_027172205.1	rPodRaf1.pri	Podarcis raffonei	1513131503	Chromosome	93623253		
GCF_027172205.1	rPodRaf1.pri	Podarcis raffonei	1513131503	Chromosome	93623253	26204	20895
GCA_013377495.2	CAtr_DNAZoo_HiC_assembly	Cygnus atratus	1124217020	Chromosome	84552148		
GCF_013377495.2	CAtr_DNAZoo_HiC_assembly	Cygnus atratus	1124217020	Chromosome	84552148	18459	15671
GCA_020740795.1	bApuApu2.pri.cur	Apus apus	1100361224	Chromosome	115508478		
GCF_020740795.1	bApuApu2.pri.cur	Apus apus	1100361224	Chromosome	115508478	16724	14765
GCA_015220235.1	mChoDid1.pri	Choloepus didactylus	3214686105	Chromosome	146178362		
GCF_015220235.1	mChoDid1.pri	Choloepus didactylus	3214686105	Chromosome	146178362	41055	23549
GCA_008692025.1	mPhoSin1.pri	Phocoena sinus	2371524154	Chromosome	115469292		
GCF_008692025.1	mPhoSin1.pri	Phocoena sinus	2371524154	Chromosome	115469292	26497	19069
GCA_009829145.1	bChiLan1.pri	Chiroxiphia lanceolata	1089631598	Chromosome	75608808		
GCF_009829145.1	bChiLan1.pri	Chiroxiphia lanceolata	1089631598	Chromosome	75608808	20299	15873
GCA_009819795.1	bAytFul2.pri	Aythya fuligula	1126988109	Chromosome	85905639		
GCF_009819795.1	bAytFul2.pri	Aythya fuligula	1126988109	Chromosome	85905639	17219	15578
GCA_901933205.1	STF_HiC	Camarhynchus parvulus	1051609828	Chromosome	70356807		
GCF_901933205.1	STF_HiC	Camarhynchus parvulus	1051609828	Chromosome	70356807	16830	15747
GCA_028500815.1	bRisTri1.patW.cur.20221130	Rissa tridactyla	1353621101	Chromosome	88208671		
GCF_028500815.1	bRisTri1.patW.cur.20221130	Rissa tridactyla	1353621101	Chromosome	88208671	19635	16534
GCF_017639655.2	bFalNau1.pat	Falco naumanni	1215702009	Chromosome	91761059	19775	16079
GCA_004027225.2	bStrHab1.2.pri	Strigops habroptila	1148597545	Chromosome	83240647		
GCF_004027225.2	bStrHab1.2.pri	Strigops habroptila	1148597545	Chromosome	83240647	19379	16053
GCA_027791375.2	UM_Iind_1.1	Indicator indicator	1147325966	Chromosome	38137700		
GCF_027791375.1	UM_Iind_1.1	Indicator indicator	1147325966	Chromosome	38137700	15060	14393
GCA_009769625.2	bCygOlo1.pri.v2	Cygnus olor	1134169903	Chromosome	81481363		
GCF_009769625.2	bCygOlo1.pri.v2	Cygnus olor	1134169903	Chromosome	81481363	23209	16150
GCA_029582105.1	OMel1.0	Oenanthe melanoleuca	1036256795	Chromosome	69618406		
GCF_029582105.1	OMel1.0	Oenanthe melanoleuca	1036256795	Chromosome	69618406	18947	16429
GCA_024509145.1	ASM2450914v1	Vidua macroura	1123252761	Chromosome	61801348		
GCF_024509145.1	ASM2450914v1	Vidua macroura	1123252761	Chromosome	61801348	20373	16296
GCA_025201925.1	rGopFla2.mat.asm	Gopherus flavomarginatus	2460542086	Chromosome	162938067		
GCF_025201925.1	rGopFla2.mat.asm	Gopherus flavomarginatus	2460542086	Chromosome	162938067	29021	20882
GCA_009834535.1	BCGSAC_Cfer_1.0	Camelus ferus	2087077296	Chromosome	76025729		
GCF_009834535.1	BCGSAC_Cfer_1.0	Camelus ferus	2087077296	Chromosome	76025729	33358	20222
GCA_947179515.1	mApoSyl1.1	Apodemus sylvaticus	2889785202	Chromosome	120938251		
GCF_947179515.1	mApoSyl1.1	Apodemus sylvaticus	2889785202	Chromosome	120938251	34626	22444
GCA_903995425.1	mOncTor1.1	Onychomys torridus	2468394440	Chromosome	112723509		
GCF_903995425.1	mOncTor1.1	Onychomys torridus	2468394440	Chromosome	112723509	28999	20942
GCA_004329235.1	PodMur_1.0	Podarcis muralis	1511002858	Chromosome	92398148		
GCF_004329235.1	PodMur_1.0	Podarcis muralis	1511002858	Chromosome	92398148	26732	21258
GCA_003255815.1	Tgel_1.0	Theropithecus gelada	2889614139	Chromosome	130230028		
GCF_003255815.1	Tgel_1.0	Theropithecus gelada	2889614139	Chromosome	130230028	32585	20683
GCA_027887155.1	rMalTer1.hap1	Malaclemys terrapin pileata	2211221380	Chromosome	144565223		
GCF_027887155.1	rMalTer1.hap1	Malaclemys terrapin pileata	2211221380	Chromosome	144565223	26235	20938
GCA_027244095.1	rHemCap1.1.pri	Hemicordylus capensis	2294751221	Chromosome	359646233		
GCF_027244095.1	rHemCap1.1.pri	Hemicordylus capensis	2294751221	Chromosome	359646233	31139	21239
GCA_018350155.1	O.geoffroyi_Oge1_pat1.0	Leopardus geoffroyi	2426370816	Chromosome	152606360		
GCF_018350155.1	O.geoffroyi_Oge1_pat1.0	Leopardus geoffroyi	2426370816	Chromosome	152606360	35984	20127
GCA_016432865.2	AdamAnt_v2	Antechinus flavipes	3192643918	Chromosome	636717922		
GCF_016432865.1	AdamAnt_v2	Antechinus flavipes	3192643918	Chromosome	636717922	27226	20412
GCA_009829155.1	mMusErm1.Pri	Mustela erminea	2445200799	Chromosome	130149454		
GCF_009829155.1	mMusErm1.Pri	Mustela erminea	2445200799	Chromosome	130149454	34309	20934
GCA_029931775.1	rEulEur1.hap1	Euleptes europaea	1781916107	Chromosome	102317683		
GCF_029931775.1	rEulEur1.hap1	Euleptes europaea	1781916107	Chromosome	102317683	21512	18633
GCA_007399415.1	rGopEvg1_v1.p	Gopherus evgoodei	2298547364	Chromosome	147425149		
GCF_007399415.2	rGopEvg1_v1.p	Gopherus evgoodei	2298547364	Chromosome	147425149	26465	20174
GCA_016906955.1	ROS_Pafr_v1	Phacochoerus africanus	2435083091	Chromosome	141887063		
GCF_016906955.1	ROS_Pafr_v1	Phacochoerus africanus	2435083091	Chromosome	141887063	27929	20276
GCA_007474595.2	mLynCan4.pri.v2	Lynx canadensis	2407810255	Chromosome	147275701		
GCF_007474595.2	mLynCan4.pri.v2	Lynx canadensis	2407810255	Chromosome	147275701	29379	19742
GCA_009819535.1	rLacAgi1.pri	Lacerta agilis	1391387079	Chromosome	86565987		
GCF_009819535.1	rLacAgi1.pri	Lacerta agilis	1391387079	Chromosome	86565987	23190	20325
GCA_903992535.2	mArvAmp1.2	Arvicola amphibius	2297766297	Chromosome	158924400		
GCF_903992535.2	mArvAmp1.2	Arvicola amphibius	2297766297	Chromosome	158924400	28375	21424
GCA_024139225.1	mSunEtr1.pri.cur	Suncus etruscus	2471666657	Chromosome	131952995		
GCF_024139225.1	mSunEtr1.pri.cur	Suncus etruscus	2471666657	Chromosome	131952995	39091	19819
GCA_903995435.1	mAcoRus1.1	Acomys russatus	2301522284	Chromosome	66475698		
GCF_903995435.1	mAcoRus1.1	Acomys russatus	2301522284	Chromosome	66475698	29331	20811
GCA_019320065.1	ASM1932006v1	Cervus canadensis	2526613007	Chromosome	77654944		
GCF_019320065.1	ASM1932006v1	Cervus canadensis	2526613007	Chromosome	77654944	35756	22348
GCA_011800845.1	UG_Zviv_1	Zootoca vivipara	1464283545	Chromosome	92810032		
GCF_011800845.1	UG_Zviv_1	Zootoca vivipara	1464283545	Chromosome	92810032	22831	20278
GCA_002201575.2	ASM220157v2	Neomonachus schauinslandi	2419443398	Chromosome	150810825		
GCF_002201575.2	ASM220157v2	Neomonachus schauinslandi	2419443398	Chromosome	150810825	27736	19838
GCA_023721935.1	Puncia_PCG_1.0	Panthera uncia	2433972596	Chromosome	112063229		
GCF_023721935.1	Puncia_PCG_1.0	Panthera uncia	2433972596	Chromosome	112063229	31171	20201
GCA_011077185.1	BPBGC_Ojam_1.0	Oxyura jamaicensis	1147585764	Chromosome	36145614		
GCF_011077185.1	BPBGC_Ojam_1.0	Oxyura jamaicensis	1147585764	Chromosome	36145614	23874	16416
GCA_002776525.5	ASM277652v5	Piliocolobus tephrosceles	2993041957	Chromosome	131283114		
GCF_002776525.5	ASM277652v5	Piliocolobus tephrosceles	2993041957	Chromosome	131283114	35364	21528
GCA_019175285.1	SceUnd_v1.1	Sceloporus undulatus	1905484175	Chromosome	275632209		
GCF_019175285.1	SceUnd_v1.1	Sceloporus undulatus	1905484175	Chromosome	275632209	23443	19905
GCF_900094665.2	CAROLI_EIJ_v1.1	Mus caroli	2552816249	Chromosome	122627250	32457	21002
GCA_008632895.1	UCSF_Mcou_1	Mastomys coucha	2507168619	Chromosome	118621203		
GCF_008632895.1	UCSF_Mcou_1	Mastomys coucha	2507168619	Chromosome	118621203	37046	20166
GCA_900095145.2	PAHARI_EIJ_v1.1	Mus pahari	2475012951	Chromosome	111406228		
GCF_900095145.1	PAHARI_EIJ_v1.1	Mus pahari	2475012951	Chromosome	111406228	29483	20482
GCA_021028975.2	MPM_Stown_v2.3	Sphaerodactylus townsendi	1810846735	Chromosome	133801376		
GCF_021028975.2	MPM_Stown_v2.3	Sphaerodactylus townsendi	1810846735	Chromosome	133801376	21793	18976
GCA_016433145.1	AgileGrace	Gracilinanus agilis	3701017385	Chromosome	683521856		
GCF_016433145.1	AgileGrace	Gracilinanus agilis	3701017385	Chromosome	683521856	26561	21142
GCA_000164845.5	VicPac3.2	Vicugna pacos	2118853581	Scaffold	24022313		
GCF_000164845.4	VicPac3.2	Vicugna pacos	2118853581	Scaffold	24022313	31053	19490
GCA_017311325.1	ASM1731132v1	Ursus maritimus	2330468424	Scaffold	72237886		
GCF_017311325.1	ASM1731132v1	Ursus maritimus	2330468424	Scaffold	72237886	30838	20419
GCA_002901205.1	cyaCae2	Cyanistes caeruleus	1186980630	Scaffold	16846143		
GCF_002901205.1	cyaCae2	Cyanistes caeruleus	1186980630	Scaffold	16846143	24271	16519
GCA_003259725.1	athCun1	Athene cunicularia	1157069330	Scaffold	42147404		
GCF_003259725.1	athCun1	Athene cunicularia	1157069330	Scaffold	42147404	15773	13841
GCA_017639785.1	BCM_Maur_2.0	Mesocricetus auratus	2457062007	Scaffold	85184847		
GCF_017639785.1	BCM_Maur_2.0	Mesocricetus auratus	2457062007	Scaffold	85184847	36133	21616
GCA_000223135.1	CriGri_1.0	Cricetulus griseus	2399770464	Scaffold	1147233	26186	24238
GCF_000223135.1	CriGri_1.0	Cricetulus griseus	2399770464	Scaffold	1147233	31247	21278
GCA_015252025.1	Vero_WHO_p1.0	Chlorocebus sabaeus	2937827970	Scaffold	81790585		
GCF_015252025.1	Vero_WHO_p1.0	Chlorocebus sabaeus	2937827970	Scaffold	81790585	35004	21620
GCA_011764305.2	ASM1176430v1.1	Mustela putorius furo	2577090966	Contig			
GCF_011764305.1	ASM1176430v1.1	Mustela putorius furo	2577090966	Contig		32152	20794
GCA_000151735.1	Cavpor3.0	Cavia porcellus	2723202840	Scaffold	27942054		
GCF_000151735.1	Cavpor3.0	Cavia porcellus	2723202840	Scaffold	27942054	31557	19976
GCA_000247695.1	HetGla_female_1.0	Heterocephalus glaber	2618188253	Scaffold	20532749		
GCF_000247695.1	HetGla_female_1.0	Heterocephalus glaber	2618188253	Scaffold	20532749	37544	19978
GCA_002166845.1	GooseV1.0	Anser cygnoides	1130276682	Scaffold	5027881		
GCF_002166845.1	GooseV1.0	Anser cygnoides	1130276682	Scaffold	5027881	22908	15921
GCA_000767855.1	Ca_bactrianus_MBC_1.0	Camelus bactrianus	1992646609	Scaffold	8812066		
GCF_000767855.1	Ca_bactrianus_MBC_1.0	Camelus bactrianus	1992646609	Scaffold	8812066	29764	19712
GCA_000337935.1	Cliv_1.0	Columba livia	1107971856	Scaffold	3148738	16196	14087
GCF_000337935.1	Cliv_1.0	Columba livia	1107971856	Scaffold	3148738	26701	15575
GCA_000956065.1	Mnem_1.0	Macaca nemestrina	2948703511	Scaffold	15219753		
GCF_000956065.1	Mnem_1.0	Macaca nemestrina	2948703511	Scaffold	15219753	41011	21017
GCA_000230535.1	PelSin_1.0	Pelodiscus sinensis	2202466388	Scaffold	3350749		
GCF_000230535.1	PelSin_1.0	Pelodiscus sinensis	2202466388	Scaffold	3350749	24856	19518
GCA_022376915.1	ASM2237691v1	Moschus berezovskii	2813355390	Scaffold	102413370		
GCF_022376915.1	ASM2237691v1	Moschus berezovskii	2813355390	Scaffold	102413370	29874	20842
GCA_002099425.1	phaCin_unsw_v4.1	Phascolarctos cinereus	3192565135	Contig			
GCF_002099425.1	phaCin_unsw_v4.1	Phascolarctos cinereus	3192565135	Contig		32146	19945
GCA_021218885.1	Marmota_monax_Labrador192_V1.0	Marmota monax	2638778829	Scaffold	11523559	9376	9376
GCF_021218885.1	Marmota_monax_Labrador192_V1.0	Marmota monax	2638778829	Scaffold	11523559	35035	21840
GCA_000334495.1	TupChi_1.0	Tupaia chinensis	2846580235	Scaffold	3670124	21056	21040
GCF_000334495.1	TupChi_1.0	Tupaia chinensis	2846580235	Scaffold	3670124	40519	21077
GCA_014570535.1	YNU_ManJav_2.0	Manis javanica	2438961198	Scaffold	13854118		
GCF_014570535.1	YNU_ManJav_2.0	Manis javanica	2438961198	Scaffold	13854118	29251	20676
GCA_902806735.1	Bank_vole1_10x	Myodes glareolus	2323042649	Scaffold	20649317		
GCF_902806735.1	Bank_vole1_10x	Myodes glareolus	2323042649	Scaffold	20649317	30720	20671
GCA_000147115.1	Myoluc2.0	Myotis lucifugus	2034575300	Scaffold	4293315		
GCF_000147115.1	Myoluc2.0	Myotis lucifugus	2034575300	Scaffold	4293315	31342	19953
GCA_000208655.4	Dasnov3.2	Dasypus novemcinctus	3631306433	Scaffold	1687935		
GCF_000208655.3	Dasnov3.2	Dasypus novemcinctus	3631306433	Scaffold	1687935	42360	22023
GCA_020975775.1	gsc_jax_bbear_1.0	Ursus americanus	2351947609	Contig			
GCF_020975775.1	gsc_jax_bbear_1.0	Ursus americanus	2351947609	Contig		28897	20389
GCA_000001905.1	Loxafr3.0	Loxodonta africana	3196738035	Scaffold	46401353		
GCF_000001905.1	Loxafr3.0	Loxodonta africana	3196721236	Scaffold	46401353	28964	21094
GCA_002204375.1	MunDraft-v1.0	Meriones unguiculatus	2523107715	Scaffold	374687		
GCF_002204375.1	MunDraft-v1.0	Meriones unguiculatus	2523107715	Scaffold	374687	27686	21921
GCA_023065955.1	UrsArc1.0	Ursus arctos	2474241652	Scaffold	70076652		
GCF_023065955.1	UrsArc1.0	Ursus arctos	2474241652	Scaffold	70076652	29516	20480
GCA_014176215.1	mRouAeg1.p	Rousettus aegyptiacus	1893602072	Scaffold	113811795	21368	21368
GCF_014176215.1	mRouAeg1.p	Rousettus aegyptiacus	1893602072	Scaffold	113811795	36769	19070
GCA_003342905.1	droNov1	Dromaius novaehollandiae	1192237364	Scaffold	3305683		
GCF_003342905.1	droNov1	Dromaius novaehollandiae	1192237364	Scaffold	3305683	18898	15554
GCA_000385455.1	Zonotrichia_albicollis-1.0.1	Zonotrichia albicollis	1052600561	Scaffold	4866725		
GCF_000385455.1	Zonotrichia_albicollis-1.0.1	Zonotrichia albicollis	1052600561	Scaffold	4866725	17364	14377
GCA_000325575.1	ASM32557v1	Pteropus alecto	1985958707	Scaffold	15954802	19642	19619
GCF_000325575.1	ASM32557v1	Pteropus alecto	1985958707	Scaffold	15954802	38464	18363
GCA_000281125.4	ASM28112v4	Alligator mississippiensis	2161713562	Scaffold	18600682	24712	24712
GCF_000281125.3	ASM28112v4	Alligator mississippiensis	2161713562	Scaffold	18600682	25303	18955
GCA_000455745.1	ASM45574v1	Alligator sinensis	2270550999	Scaffold	2188296		
GCF_000455745.1	ASM45574v1	Alligator sinensis	2270550999	Scaffold	2188296	24654	19129
GCA_000283155.1	CerSimSim1.0	Ceratotherium simum simum	2464350348	Scaffold	26277727		
GCF_000283155.1	CerSimSim1.0	Ceratotherium simum simum	2464350348	Scaffold	26277727	25301	19984
GCA_000698965.1	ASM69896v1	Struthio camelus australis	1225025301	Scaffold	3593425	16164	14590
GCF_000698965.1	ASM69896v1	Struthio camelus australis	1225025301	Scaffold	3593425	16549	14590
GCA_000754665.1	Bison_UMD1.0	Bison bison bison	2953606000	Scaffold	6873254		
GCF_000754665.1	Bison_UMD1.0	Bison bison bison	2828015366	Scaffold	7192658	26038	20657
GCA_017591425.1	NIBS_Ocur_1.0	Ochotona curzoniae	2086111946	Scaffold	33876933		
GCF_017591425.1	NIBS_Ocur_1.0	Ochotona curzoniae	2086111946	Scaffold	33876933	28105	21008
GCA_021234435.1	CSHL_Jam_final	Artibeus jamaicensis	2108389339	Scaffold	22092642		
GCF_021234435.1	CSHL_Jam_final	Artibeus jamaicensis	2108389339	Scaffold	22092642	29413	19344
GCA_002288925.3	ASM228892v3	Delphinapterus leucas	2362758273	Scaffold	31183418		
GCF_002288925.2	ASM228892v3	Delphinapterus leucas	2362758273	Scaffold	31183418	27561	18469
GCA_000331425.1	PseHum1.0	Pseudopodoces humilis	1042980823	Scaffold	16337386		
GCF_000331425.1	PseHum1.0	Pseudopodoces humilis	1042980823	Scaffold	16337386	16439	15814
GCA_014570555.1	YNU_ManPten_2.0	Manis pentadactyla	2399643910	Scaffold	7836868		
GCF_014570555.1	YNU_ManPten_2.0	Manis pentadactyla	2399643910	Scaffold	7836868	29273	20177
GCA_003426925.1	ASM342692v1	Urocitellus parryii	2520505282	Scaffold	3964291		
GCF_003426925.1	ASM342692v1	Urocitellus parryii	2520505282	Scaffold	3964291	26655	19359
GCA_003160815.1	VulVul2.2	Vulpes vulpes	2421551259	Scaffold	12472085		
GCF_003160815.1	VulVul2.2	Vulpes vulpes	2421551259	Scaffold	12472085	29061	19366
GCA_000622305.1	S.galili_v1.0	Nannospalax galili	3061408210	Scaffold	3618479		
GCF_000622305.1	S.galili_v1.0	Nannospalax galili	3061408210	Scaffold	3618479	33872	20986
GCA_000298355.1	BosGru_v2.0	Bos mutus	2645145588	Scaffold	1407960	21720	18656
GCF_000298355.1	BosGru_v2.0	Bos mutus	2645145588	Scaffold	1407960	24700	20519
GCA_000186305.2	Python_molurus_bivittatus-5.0.2	Python bivittatus	1435034535	Scaffold	213970		
GCF_000186305.1	Python_molurus_bivittatus-5.0.2	Python bivittatus	1435034535	Scaffold	213970	22427	19793
GCA_002102435.1	Ovir.te_1.0	Odocoileus virginianus texanus	2380489210	Scaffold	850721		
GCF_002102435.1	Ovir.te_1.0	Odocoileus virginianus texanus	2380489210	Scaffold	850721	31579	21072
GCA_905146905.1	NYPRO_anot_genome	Nyctereutes procyonoides	2387080870	Scaffold	53959811	27177	27168
GCF_905146905.1	NYPRO_anot_genome	Nyctereutes procyonoides	2387080870	Scaffold	53959811	29943	20849
GCA_018691265.1	T.alba_DEE_v4.0	Tyto alba	1249867532	Scaffold	36032128		
GCF_018691265.1	T.alba_DEE_v4.0	Tyto alba	1249867532	Scaffold	36032128	19198	16229
GCA_014885135.2	M_Fortis_MF-2015_v1.1	Microtus fortis	2189376753	Scaffold	9992017		
GCF_014885135.2	M_Fortis_MF-2015_v1.1	Microtus fortis	2189376753	Scaffold	9992017	29701	21656
GCA_900067755.1	pvi1.1	Pogona vitticeps	1816116151	Scaffold	2290546		
GCF_900067755.1	pvi1.1	Pogona vitticeps	1716675060	Scaffold	2477614	21994	18891
GCA_000708225.1	ASM70822v1	Nipponia nippon	1223846297	Scaffold	5211696	16697	14436
GCF_000708225.1	ASM70822v1	Nipponia nippon	1223846297	Scaffold	5211696	15278	15031
GCA_000151845.2	Pvam_2.0	Pteropus vampyrus	2198284804	Scaffold	5954017		
GCF_000151845.1	Pvam_2.0	Pteropus vampyrus	2198284804	Scaffold	5954017	41105	19529
GCA_007827085.3	ASM782708v3	Peromyscus californicus insignis	2467923528	Scaffold	115047232		
GCF_007827085.1	ASM782708v3	Peromyscus californicus insignis	2467923528	Scaffold	115047232	31946	21877
GCA_003031525.2	Neophocaena_asiaeorientalis_V1.1	Neophocaena asiaeorientalis asiaeorientalis	2284609912	Scaffold	6341296		
GCF_003031525.2	Neophocaena_asiaeorientalis_V1.1	Neophocaena asiaeorientalis asiaeorientalis	2284609912	Scaffold	6341296	25760	18258
GCA_014108235.1	mMyoMyo1.p	Myotis myotis	2002780556	Scaffold	94448911	21284	21284
GCF_014108235.1	mMyoMyo1.p	Myotis myotis	2002780556	Scaffold	94448911	30786	20154
GCA_014805655.1	ASM1480565v1	Passer montanus	1039949367	Scaffold	11160574		
GCF_014805655.1	ASM1480565v1	Passer montanus	1039949367	Scaffold	11160574	18585	16207
GCA_001715985.3	ASM171598v3	Manacus vitellinus	1072328541	Scaffold	17883582		
GCF_001715985.3	ASM171598v3	Manacus vitellinus	1072328541	Scaffold	17883582	16636	14489
GCA_001984765.1	C.can genome v1.0	Castor canadensis	2518306565	Scaffold	317708		
GCF_001984765.1	C.can genome v1.0	Castor canadensis	2518306565	Scaffold	317708	29510	21700
GCA_001447265.1	Sturnus_vulgaris-1.0	Sturnus vulgaris	1036755994	Scaffold	3416708		
GCF_001447265.1	Sturnus_vulgaris-1.0	Sturnus vulgaris	1036755994	Scaffold	3416708	16715	15233
GCA_012274545.1	DMR_v1.0_HiC	Fukomys damarensis	2334358650	Scaffold	62586000		
GCF_012274545.1	DMR_v1.0_HiC	Fukomys damarensis	2334358650	Scaffold	62586000	33132	20213
GCA_000277835.1	GeoFor_1.0	Geospiza fortis	1065292181	Scaffold	5255844		
GCF_000277835.1	GeoFor_1.0	Geospiza fortis	1065292181	Scaffold	5255844	16009	14525
GCA_000705375.2	ASM70537v2	Tinamus guttatus	1047056493	Scaffold	246268	15722	13593
GCF_000705375.1	ASM70537v2	Tinamus guttatus	1047056493	Scaffold	246268	16984	15723
GCA_003327715.1	PumCon1.0	Puma concolor	2432949531	Scaffold	100532876		
GCF_003327715.1	PumCon1.0	Puma concolor	2432949531	Scaffold	100532876	23982	17659
GCA_000699245.1	ASM69924v1	Pterocles gutturalis	1069324295	Scaffold	49530	13231	11351
GCF_000699245.1	ASM69924v1	Pterocles gutturalis	1069324295	Scaffold	49530	15152	14859
GCA_000690715.1	ASM69071v1	Colius striatus	1075931597	Scaffold	46063	12892	11260
GCF_000690715.1	ASM69071v1	Colius striatus	1075931597	Scaffold	46063	15163	14900
GCA_000709365.1	ASM70936v1	Tauraco erythrolophus	1155540733	Scaffold	56334	14943	12751
GCF_000709365.1	ASM70936v1	Tauraco erythrolophus	1155540733	Scaffold	56334	15194	14922
GCA_000696425.1	G_variegatus-3.0.2	Galeopterus variegatus	3187643824	Scaffold	245189		
GCF_000696425.1	G_variegatus-3.0.2	Galeopterus variegatus	3187643824	Scaffold	245189	30061	22834
GCA_022079265.1	mLynRuf1.p	Lynx rufus	2439239374	Scaffold	142134035		
GCF_022079265.1	mLynRuf1.p	Lynx rufus	2439239374	Scaffold	142134035	28854	19918
GCA_005190385.2	NGI_Narwhal_1	Monodon monoceros	2355574979	Scaffold	107566389		
GCF_005190385.1	NGI_Narwhal_1	Monodon monoceros	2355574979	Scaffold	107566389	25796	18377
GCA_004028035.1	ASM402803v1	Eumetopias jubatus	2418246527	Scaffold	14018600		
GCF_004028035.1	ASM402803v1	Eumetopias jubatus	2418246527	Scaffold	14018600	30360	19668
GCA_019238085.1	USGS_WTPT01	Lagopus leucura	1016020572	Scaffold	36287040		
GCF_019238085.1	USGS_WTPT01	Lagopus leucura	1016020572	Scaffold	36287040	19506	15998
GCA_017639235.1	C.kubaryi_AGA036_p1.0	Corvus kubaryi	1057484666	Scaffold	17891236		
GCF_017639235.1	C.kubaryi_AGA036_p1.0	Corvus kubaryi	1057484666	Scaffold	17891236	19677	15471
GCA_004143745.1	ASM414374v1	Phasianus colchicus	1017507340	Scaffold	10682894		
GCF_004143745.1	ASM414374v1	Phasianus colchicus	1017507340	Scaffold	10682894	19413	16222
GCA_003676075.3	GSC_YBM_2.1	Marmota flaviventris	2579522885	Scaffold	11407078		
GCF_003676075.3	GSC_YBM_2.1	Marmota flaviventris	2579522885	Scaffold	11407078	29969	20813
GCA_001604755.1	Lepidothrix_coronata-1.0	Lepidothrix coronata	1079577334	Scaffold	4972619		
GCF_001604755.1	Lepidothrix_coronata-1.0	Lepidothrix coronata	1079577334	Scaffold	4972619	18817	15382
GCA_000952055.2	Anan_2.0	Aotus nancymaae	2861668348	Scaffold	8268663		
GCF_000952055.2	Anan_2.0	Aotus nancymaae	2861668348	Scaffold	8268663	31334	20466
GCA_000955945.1	Caty_1.0	Cercocebus atys	2848246356	Scaffold	12849131		
GCF_000955945.1	Caty_1.0	Cercocebus atys	2848246356	Scaffold	12849131	30556	20614
GCA_001431845.1	ASM143184v1	Calidris pugnax	1229094286	Scaffold	10060041		
GCF_001431845.1	ASM143184v1	Calidris pugnax	1229094286	Scaffold	10060041	18471	16523
GCA_907164565.1	mPsaObe1.curated_primary_1811	Psammomys obesus	2364980841	Scaffold	20181630		
GCF_907164565.1	mPsaObe1.curated_primary_1811	Psammomys obesus	2364980841	Scaffold	20181630	28312	20185
GCA_000696695.1	Burgud	Equus przewalskii	2395937679	Scaffold	513800		
GCF_000696695.1	Burgud	Equus przewalskii	2395937679	Scaffold	513800	28163	21364
GCF_001890085.2	ASM189008v1	Hipposideros armiger	2236309530	Scaffold	2328177	25790	18920
GCA_000708025.2	ASM70802v2	Charadrius vociferus	1219859583	Scaffold	3657050	16810	14637
GCF_000708025.1	ASM70802v2	Charadrius vociferus	1219859583	Scaffold	3657050	14649	14465
GCA_000164805.2	Tarsius_syrichta-2.0.1	Carlito syrichta	3453847770	Scaffold	401181		
GCF_000164805.1	Tarsius_syrichta-2.0.1	Carlito syrichta	3453847770	Scaffold	401181	28305	20017
GCA_001185365.2	UNIGE_PanGut_3.0	Pantherophis guttatus	1706961544	Scaffold	16790024		
GCF_001185365.1	UNIGE_PanGut_3.0	Pantherophis guttatus	1706961544	Scaffold	16790024	25732	19907
GCA_000243295.1	TriManLat1.0	Trichechus manatus latirostris	3103791524	Scaffold	14442683		
GCF_000243295.1	TriManLat1.0	Trichechus manatus latirostris	3103791524	Scaffold	14442683	25210	19108
GCA_001698545.2	ASM169854v2	Rhinopithecus bieti	2975774845	Scaffold	2229159		
GCF_001698545.2	ASM169854v2	Rhinopithecus bieti	2975774845	Scaffold	2229159	33197	21657
GCA_001723895.1	CroPor_comp1	Crocodylus porosus	2049519336	Scaffold	84437661		
GCF_001723895.1	CroPor_comp1	Crocodylus porosus	2049519336	Scaffold	84437661	19575	14717
GCA_000699145.1	ASM69914v1	Aptenodytes forsteri	1254347440	Scaffold	5071598	15990	13929
GCF_000699145.1	ASM69914v1	Aptenodytes forsteri	1254347440	Scaffold	5071598	15419	14550
GCA_000747805.2	ChaPel_1.1	Chaetura pelagica	1118724105	Scaffold	3841852	15319	13422
GCF_000747805.2	ChaPel_1.1	Chaetura pelagica	1118724105	Scaffold	3841852	14265	14101
GCA_000687185.1	ASM68718v1	Egretta garzetta	1206484573	Scaffold	3067157	16538	14584
GCF_000687185.1	ASM68718v1	Egretta garzetta	1206484573	Scaffold	3067157	15435	14296
GCA_000181295.3	OtoGar3	Otolemur garnettii	2519724550	Scaffold	13852661		
GCF_000181295.1	OtoGar3	Otolemur garnettii	2519724550	Scaffold	13852661	31917	19558
GCA_000696875.1	ASM69687v1	Nestor notabilis	1053559886	Scaffold	61475	13700	11991
GCF_000696875.1	ASM69687v1	Nestor notabilis	1053559886	Scaffold	61475	14954	14740
GCA_000691845.1	ASM69184v1	Merops nubicus	1062961556	Scaffold	48089	13121	11471
GCF_000691845.1	ASM69184v1	Merops nubicus	1062961556	Scaffold	48089	14820	14559
GCA_000690535.1	ASM69053v1	Cariama cristata	1132245425	Scaffold	55197	13817	11869
GCF_000690535.1	ASM69053v1	Cariama cristata	1132245425	Scaffold	55197	15288	14999
GCA_000690775.1	ASM69077v1	Eurypyga helias	1088019637	Scaffold	47243	13601	11839
GCF_000690775.1	ASM69077v1	Eurypyga helias	1088019637	Scaffold	47243	15021	14721
GCA_000687285.1	ASM68728v1	Phaethon lepturus	1152958507	Scaffold	47896	14565	12684
GCF_000687285.1	ASM68728v1	Phaethon lepturus	1152958507	Scaffold	47896	15387	15065
GCA_000695765.1	ASM69576v1	Mesitornis unicolor	1087290853	Scaffold	47102	15023	12909
GCF_000695765.1	ASM69576v1	Mesitornis unicolor	1087290853	Scaffold	47102	15893	15561
GCA_000699105.1	ASM69910v1	Pygoscelis adeliae	1216600033	Scaffold	5118896	15185	13141
GCF_000699105.1	ASM69910v1	Pygoscelis adeliae	1216600033	Scaffold	5118896	14367	13747
GCA_000700745.2	ASM70074v2	Antrostomus carolinensis	1118829799	Scaffold	46377	14360	12601
GCF_000700745.2	ASM70074v2	Antrostomus carolinensis	1118829799	Scaffold	46377	15797	15273
GCA_000296755.1	EriEur2.0	Erinaceus europaeus	2715703478	Scaffold	3264618		
GCF_000296755.1	EriEur2.0	Erinaceus europaeus	2715703478	Scaffold	3264618	22762	19313
GCA_000695815.1	ASM69581v1	Acanthisitta chloris	1035876403	Scaffold	64469	14078	12120
GCF_000695815.1	ASM69581v1	Acanthisitta chloris	1035876403	Scaffold	64469	15304	15052
GCA_000260255.1	OctDeg1.0	Octodon degus	2995872505	Scaffold	12091372		
GCF_000260255.1	OctDeg1.0	Octodon degus	2995872505	Scaffold	12091372	39965	20610
GCA_000709895.1	ASM70989v1	Balearica regulorum gibbericeps	1127605500	Scaffold	52178	13794	12083
GCF_000709895.1	ASM70989v1	Balearica regulorum gibbericeps	1127605500	Scaffold	52178	15279	15019
GCA_001039765.1	AptMant0	Apteryx mantelli mantelli	1595278775	Contig			
GCF_001039765.1	AptMant0	Apteryx mantelli mantelli	1523972539	Contig		18589	16251
GCA_000710305.1	ASM71030v1	Buceros rhinoceros silvestris	1065782791	Scaffold	53203	13337	11898
GCF_000710305.1	ASM71030v1	Buceros rhinoceros silvestris	1065782791	Scaffold	53203	14643	14401
GCA_001077635.2	Thamnophis_sirtalis-6.0	Thamnophis sirtalis	1424897867	Scaffold	647592		
GCF_001077635.1	Thamnophis_sirtalis-6.0	Thamnophis sirtalis	1424897867	Scaffold	647592	20076	18565
GCA_002288905.2	ASM228890v2	Enhydra lutris kenyoni	2455260235	Scaffold	38751465		
GCF_002288905.1	ASM228890v2	Enhydra lutris kenyoni	2455260235	Scaffold	38751465	24129	19340
GCA_000321225.1	Oros_1.0	Odobenus rosmarus divergens	2400133628	Scaffold	2616778		
GCF_000321225.1	Oros_1.0	Odobenus rosmarus divergens	2400133628	Scaffold	2616778	24996	19094
GCA_000493695.1	BalAcu1.0	Balaenoptera acutorostrata scammoni	2431671281	Scaffold	12843668		
GCF_000493695.1	BalAcu1.0	Balaenoptera acutorostrata scammoni	2431671281	Scaffold	12843668	26830	18832
GCA_018167655.1	Mior012	Microtus oregoni	3017107361	Contig			
GCF_018167655.1	Mior012	Microtus oregoni	3017107361	Contig		34407	25418
GCA_943737965.1	PHOROB	Phodopus roborovskii	2384223288	Contig		17844	17844
GCF_943737965.1	PHOROB	Phodopus roborovskii	2384223288	Contig		26341	20480
GCA_028551555.1	PUWL_Pcris_2	Melozone crissalis	1412182309	Contig			
GCF_028551555.1	PUWL_Pcris_2	Melozone crissalis	1412182309	Contig		18501	16281
GCA_014108415.1	mMolMol1.p	Molossus molossus	2315568481	Scaffold	110665204	20272	20272
GCF_014108415.1	mMolMol1.p	Molossus molossus	2315568481	Scaffold	110665204	28911	19367
GCA_026119805.1	pur_lepc_1.0	Tympanuchus pallidicinctus	994352574	Scaffold	45339891		
GCF_026119805.1	pur_lepc_1.0	Tympanuchus pallidicinctus	994352574	Scaffold	45339891	20698	15563
GCA_009764315.1	Tfra_2.0	Trachypithecus francoisi	2875554650	Scaffold	130977661		
GCF_009764315.1	Tfra_2.0	Trachypithecus francoisi	2875554650	Scaffold	130977661	37845	21701
GCA_025592945.1	ASM2559294v1	Manacus candei	1121284527	Contig			
GCF_025592945.1	ASM2559294v1	Manacus candei	1121284527	Contig		21646	16994
GCA_014108245.1	mPipKuh1.p	Pipistrellus kuhlii	1775688541	Scaffold	80237350	19500	19500
GCF_014108245.1	mPipKuh1.p	Pipistrellus kuhlii	1775688541	Scaffold	80237350	29173	19329
GCA_019054845.1	ASM1905484v1	Dipodomys spectabilis	2844766008	Contig			
GCF_019054845.1	ASM1905484v1	Dipodomys spectabilis	2844766008	Contig		33494	20632
GCA_016699345.2	BCM_Sbol_2.1	Saimiri boliviensis boliviensis	2650925067	Scaffold	87238321		
GCF_016699345.2	BCM_Sbol_2.1	Saimiri boliviensis boliviensis	2650925067	Scaffold	87238321	33175	20987
GCA_003945595.2	ASM394559v2	Pipra filicauda	1081944082	Scaffold	2585899		
GCF_003945595.2	ASM394559v2	Pipra filicauda	1081944082	Scaffold	2585899	20753	16310
GCA_003009895.1	ASM300989v1	Hyaena hyaena	2374716107	Scaffold	2001327		
GCF_003009895.1	ASM300989v1	Hyaena hyaena	2374716107	Scaffold	2001327	29685	20024
GCA_004348235.1	GSC_HSeal_1.0	Phoca vitulina	2363579318	Scaffold	41024070		
GCF_004348235.1	GSC_HSeal_1.0	Phoca vitulina	2363579318	Scaffold	41024070	28143	19993
GCA_009828535.2	HMol_V2	Hylobates moloch	2848329432	Scaffold	125196221		
GCF_009828535.2	HMol_V2	Hylobates moloch	2848329432	Scaffold	125196221	33952	21752
GCA_003945725.1	ASM394572v1	Corapipo altera	1095745976	Scaffold	12385833		
GCF_003945725.1	ASM394572v1	Corapipo altera	1095745976	Scaffold	12385833	20616	16380
GCA_003676395.1	ASM367639v1	Lagenorhynchus obliquidens	2334450779	Scaffold	28371583		
GCF_003676395.1	ASM367639v1	Lagenorhynchus obliquidens	2334450779	Scaffold	28371583	28943	18422
GCA_003984885.2	ASM398488v2	Neopelma chrysocephalum	1142796179	Scaffold	10517223		
GCF_003984885.1	ASM398488v2	Neopelma chrysocephalum	1142796179	Scaffold	10517223	21343	16903
GCA_011800145.1	KU_Mleo_1.0	Mirounga leonina	2417303335	Scaffold	54232831	19733	19733
GCF_011800145.1	KU_Mleo_1.0	Mirounga leonina	2417303335	Scaffold	54232831	30089	19899
GCA_004798865.1	ASM479886v1	Varanus komodoensis	1507945839	Scaffold	23831982	18293	18293
GCF_004798865.1	ASM479886v1	Varanus komodoensis	1507945839	Scaffold	23831982	20435	17968
GCA_019232065.1	USGS_Curo_1.0	Centrocercus urophasianus	1010657860	Scaffold	34618776		
GCF_019232065.1	USGS_Curo_1.0	Centrocercus urophasianus	1010657860	Scaffold	34618776	17143	14703
GCA_003342845.1	notPer1	Nothoprocta perdicaria	965904370	Scaffold	3369196		
GCF_003342845.1	notPer1	Nothoprocta perdicaria	965904370	Scaffold	3369196	18157	15074
GCA_003031625.1	ASM303162v1	Empidonax traillii	1123485537	Scaffold	895074		
GCF_003031625.1	ASM303162v1	Empidonax traillii	1123485537	Scaffold	895074	19316	16293
GCA_003597395.1	ASM359739v1	Chelonoidis abingdonii	2300739315	Scaffold	1277207		
GCF_003597395.1	ASM359739v1	Chelonoidis abingdonii	2300739315	Scaffold	1277207	25634	19976
GCA_000276665.1	ChiLan1.0	Chinchilla lanigera	2390852391	Scaffold	21893125		
GCF_000276665.1	ChiLan1.0	Chinchilla lanigera	2390852391	Scaffold	21893125	30122	20537
GCA_001604975.1	Cebus_imitator-1.0	Cebus imitator	2717703182	Scaffold	5274112		
GCF_001604975.1	Cebus_imitator-1.0	Cebus imitator	2717703182	Scaffold	5274112	36525	21544
GCA_000951045.1	Mleu.le_1.0	Mandrillus leucophaeus	3061992840	Scaffold	3186748		
GCF_000951045.1	Mleu.le_1.0	Mandrillus leucophaeus	3061992840	Scaffold	3186748	27850	20267
GCA_001447785.1	Gekko_japonicus_V1.1	Gekko japonicus	2490257917	Scaffold	707733		
GCF_001447785.1	Gekko_japonicus_V1.1	Gekko japonicus	2490257917	Scaffold	707733	20954	19476
GCA_000691975.1	ASM69197v1	Corvus brachyrhynchos	1091312783	Scaffold	6953989	16474	13820
GCF_000691975.1	ASM69197v1	Corvus brachyrhynchos	1091312783	Scaffold	6953989	19328	14927
GCA_000703405.1	ASM70340v1	Apaloderma vittatum	1070836417	Scaffold	56673	13200	11425
GCF_000703405.1	ASM70340v1	Apaloderma vittatum	1070836417	Scaffold	56673	14589	14307
GCA_000692075.1	ASM69207v1	Opisthocomus hoazin	1203712246	Scaffold	2937227	15636	13114
GCF_000692075.1	ASM69207v1	Opisthocomus hoazin	1203712246	Scaffold	2937227	13531	13333
GCA_000956105.1	Pcoq_1.0	Propithecus coquereli	2798135037	Scaffold	5604909		
GCF_000956105.1	Pcoq_1.0	Propithecus coquereli	2798135037	Scaffold	5604909	22796	19391
GCA_000690835.1	ASM69083v1	Fulmarus glacialis	1141395646	Scaffold	47208	13926	12056
GCF_000690835.1	ASM69083v1	Fulmarus glacialis	1141395646	Scaffold	47208	15409	15108
GCA_000691785.1	ASM69178v1	Leptosomus discolor	1136244952	Scaffold	62640	14611	12639
GCF_000691785.1	ASM69178v1	Leptosomus discolor	1136244952	Scaffold	62640	15488	15196
GCA_000690875.1	ASM69087v1	Gavia stellata	1129677294	Scaffold	45532	13054	11190
GCF_000690875.1	ASM69087v1	Gavia stellata	1129677294	Scaffold	45532	14992	14678
GCA_000687375.1	ASM68737v1	Pelecanus crispus	1160924693	Scaffold	43364	14504	12560
GCF_000687375.1	ASM68737v1	Pelecanus crispus	1160924693	Scaffold	43364	15587	15254
GCA_000313985.2	ASM31398v2	Echinops telfairi	2947103070	Scaffold	54422506		
GCF_000313985.2	ASM31398v2	Echinops telfairi	2947103070	Scaffold	54422506	32104	20007
GCA_000708925.1	ASM70892v1	Phalacrocorax carbo	1138967842	Scaffold	48427	12975	10919
GCF_000708925.1	ASM70892v1	Phalacrocorax carbo	1138967842	Scaffold	48427	14687	14394
GCA_000327345.1	ASM32734v1	Myotis davidii	2059799708	Scaffold	3454484	15630	15614
GCF_000327345.1	ASM32734v1	Myotis davidii	2059799708	Scaffold	3454484	26547	18851
GCA_001723915.1	GavGan_comp1	Gavialis gangeticus	2640775248	Scaffold	96076944		
GCF_001723915.1	GavGan_comp1	Gavialis gangeticus	2640775248	Scaffold	96076944	18911	14315
GCA_021234165.1	CSHL_Meso_final	Pteronotus parnellii mesoamericanus	2074649091	Scaffold	31477943		
GCF_021234165.1	CSHL_Meso_final	Pteronotus parnellii mesoamericanus	2074649091	Scaffold	31477943	27463	19214
GCA_001458135.2	marMar	Marmota marmota marmota	2506852125	Scaffold	31340621		
GCF_001458135.2	marMar	Marmota marmota marmota	2506852125	Scaffold	31340621	34590	21014
GCA_019186645.2	TTU_PhHast_1.1	Phyllostomus hastatus	2089223459	Scaffold	39158280		
GCF_019186645.2	TTU_PhHast_1.1	Phyllostomus hastatus	2089223459	Scaffold	39158280	29231	19524
GCA_024362965.1	ASM2436296v1	Panthera pardus	2441326314	Scaffold	126810544		
GCF_024362965.1	ASM2436296v1	Panthera pardus	2441326314	Scaffold	126810544	34379	20517
GCA_022539395.1	myiCay2020	Myiozetetes cayanensis	1075628138	Scaffold	63679618		
GCF_022539395.1	myiCay2020	Myiozetetes cayanensis	1075628138	Scaffold	63679618	18644	16335
GCA_014898055.3	MPIMG_talOcc4v2.1	Talpa occidentalis	2080972333	Scaffold	119794413		
GCF_014898055.3	MPIMG_talOcc4v2.1	Talpa occidentalis	2080972333	Scaffold	119794413	31603	21597
GCF_014824575.3	WHU_Shon_v2.1	Sturnira hondurensis	2096403328	Scaffold	10164808	29283	18577
GCA_016545835.1	ASM1654583v1	Crotalus tigris	1612002213	Contig			
GCF_016545835.1	ASM1654583v1	Crotalus tigris	1612002213	Contig		23820	19653
GCA_012393455.1	Tufts_HGry_1.1	Halichoerus grypus	2338243510	Scaffold	1033864		
GCF_012393455.1	Tufts_HGry_1.1	Halichoerus grypus	2338243510	Scaffold	1033864	37991	21245
GCA_017590055.1	ASM1759005v1	Onychostruthus taczanowskii	1033716807	Scaffold	9074114		
GCF_017590055.1	ASM1759005v1	Onychostruthus taczanowskii	1033716807	Scaffold	9074114	17135	15777
GCA_010015895.1	GSC_riverotter_1.0	Lontra canadensis	2405748306	Scaffold	18460785		
GCF_010015895.1	GSC_riverotter_1.0	Lontra canadensis	2405748306	Scaffold	18460785	28984	20305
GCA_017590135.1	ASM1759013v1	Pyrgilauda ruficollis	1045967452	Scaffold	9601729		
GCF_017590135.1	ASM1759013v1	Pyrgilauda ruficollis	1045967452	Scaffold	9601729	17565	16034
GCA_014754425.2	SCBI_Odam_1.1	Oryx dammah	2707165964	Scaffold	100398400		
GCF_014754425.2	SCBI_Odam_1.1	Oryx dammah	2707165964	Scaffold	100398400	32423	21161
GCA_006547405.1	ASM654740v1	Globicephala melas	2333854592	Scaffold	18102937		
GCF_006547405.1	ASM654740v1	Globicephala melas	2333854592	Scaffold	18102937	29239	18555
GCA_902729225.1	Ma_sr-lr_union100	Pteropus giganteus	1985219947	Scaffold	18871253		
GCF_902729225.1	Ma_sr-lr_union100	Pteropus giganteus	1985219947	Scaffold	18871253	42243	19574
GCA_003265705.1	ASM326570v1	Callorhinus ursinus	2706852204	Scaffold	31506801		
GCF_003265705.1	ASM326570v1	Callorhinus ursinus	2706852204	Scaffold	31506801	34855	21632
GCA_003343035.1	aptRow1	Apteryx rowi	1228902913	Scaffold	1672276		
GCF_003343035.1	aptRow1	Apteryx rowi	1228902913	Scaffold	1672276	18218	15883
GCA_014898765.1	PumYag	Puma yagouaroundi	2473123098	Scaffold	49273425		
GCF_014898765.1	PumYag	Puma yagouaroundi	2473123098	Scaffold	49273425	35836	19954
GCA_002925995.2	T_m_triunguis-2.0	Terrapene carolina triunguis	2571267249	Scaffold	24249581		
GCF_002925995.2	T_m_triunguis-2.0	Terrapene carolina triunguis	2571267249	Scaffold	24249581	25189	22254
GCA_004785775.1	NIH_TR_1.0	Grammomys surdaster	2412664998	Scaffold	8094907		
GCF_004785775.1	NIH_TR_1.0	Grammomys surdaster	2412664998	Scaffold	8094907	32996	21298
GCA_000151885.2	Dord_2.0	Dipodomys ordii	2236368823	Scaffold	11931245		
GCF_000151885.1	Dord_2.0	Dipodomys ordii	2236368823	Scaffold	11931245	23237	19786
GCA_000951035.1	Cang.pa_1.0	Colobus angolensis palliatus	2970124662	Scaffold	7840981		
GCF_000951035.1	Cang.pa_1.0	Colobus angolensis palliatus	2970124662	Scaffold	7840981	27654	20103
GCA_000442215.2	Lipotes_vexillifer_v1.1	Lipotes vexillifer	2419479385	Scaffold	2434970		
GCF_000442215.2	Lipotes_vexillifer_v1.1	Lipotes vexillifer	2419479385	Scaffold	2434970	22245	17942
GCA_900518725.1	TS10Xv2-PRI	Notechis scutatus	1665525958	Scaffold	5997050		
GCF_900518725.1	TS10Xv2-PRI	Notechis scutatus	1665525958	Scaffold	5997050	23178	19770
GCA_001595765.1	Mnat.v1	Miniopterus natalensis	1803099001	Scaffold	4315193		
GCF_001595765.1	Mnat.v1	Miniopterus natalensis	1803099001	Scaffold	4315193	22993	18161
GCA_000299155.1	EleEdw1.0	Elephantulus edwardii	3843982861	Scaffold	15011382		
GCF_000299155.1	EleEdw1.0	Elephantulus edwardii	3843982861	Scaffold	15011382	34723	20443
GCA_000349705.1	LepWed1.0	Leptonychotes weddellii	3156886159	Scaffold	904068		
GCF_000349705.1	LepWed1.0	Leptonychotes weddellii	3156886159	Scaffold	904068	33049	22214
GCA_000412655.1	ASM41265v1	Myotis brandtii	2107242811	Scaffold	3225832	19659	19484
GCF_000412655.1	ASM41265v1	Myotis brandtii	2107242811	Scaffold	3225832	28793	19988
GCA_001527695.3	P.Mucros_1.0	Protobothrops mucrosquamatus	1673859098	Scaffold	424052		
GCF_001527695.2	P.Mucros_1.0	Protobothrops mucrosquamatus	1673859098	Scaffold	424052	22367	20508
GCA_000296735.1	ChrAsi1.0	Chrysochloris asiatica	4210093806	Scaffold	13470186		
GCF_000296735.1	ChrAsi1.0	Chrysochloris asiatica	4210093806	Scaffold	13470186	32610	19638
GCA_000298275.1	OryAfe1.0	Orycteropus afer afer	4444063711	Scaffold	7875832		
GCF_000298275.1	OryAfe1.0	Orycteropus afer afer	4444063711	Scaffold	7875832	23413	19014
GCA_029834395.2	SorCin_2.1	Sorex cinereus	2873555620	Contig			
GCF_029834395.1	SorCin_2.1	Sorex cinereus	2873555620	Contig		30483	20379
GCA_900497805.2	bare-nosed wombat genome assembly	Vombatus ursinus	3486580222	Scaffold	28503419		
GCF_900497805.2	bare-nosed wombat genome assembly	Vombatus ursinus	3486580222	Scaffold	28503419	31833	21909
GCA_900518735.1	EBS10Xv2-PRI	Pseudonaja textilis	1590035073	Scaffold	14685528		
GCF_900518735.1	EBS10Xv2-PRI	Pseudonaja textilis	1590035073	Scaffold	14685528	22548	19358
GCA_900496995.4	bAquChr1.4	Aquila chrysaetos chrysaetos	1233704830	Chromosome	46934974		
GCA_000241765.5	Chrysemys_picta_BioNano-3.0.4	Chrysemys picta bellii	2481351664	Chromosome	16028813		
GCA_017639655.1	bFalNau1.pat	Falco naumanni	1215702009	Chromosome	91761059		
GCA_900094665.2	CAROLI_EIJ_v1.1	Mus caroli	2553112587	Chromosome	122627250		
GCA_001890085.1	ASM189008v1	Hipposideros armiger	2236564388	Scaffold	2328177		
GCA_014824575.2	WHU_Shon_v2.1	Sturnira hondurensis	2096623354	Scaffold	10164808		
